Name,Image
EXTRA MEAT TOPPINGS,https://demo8.1hour.in/media/productsSubCategory/bbq-meat-feast3867.png
HALLAB SALADS,https://demo8.1hour.in/media/productsSubCategory/Hallab_Salads-removebg-preview.png
Crackers,https://demo8.1hour.in/media/productsSubCategory/empty_OPN7TBW.JPG
Popcorns,https://demo8.1hour.in/media/productsSubCategory/empty_d5ilapR.JPG
Soft Candies,https://demo8.1hour.in/media/productsSubCategory/empty_6ArUAv7.JPG
OVEN BAKED SWEETS,https://demo8.1hour.in/media/productsSubCategory/OVEN_BAKED_SWEETS-removebg-preview.png
LEBANESE SWEETS WITH NUTS,https://demo8.1hour.in/media/productsSubCategory/Leb_Sweets-removebg-preview.png
HALLAB BREAKFAST,https://demo8.1hour.in/media/productsSubCategory/Screenshot_2025-04-02_125530-removebg-preview.png
SIDES,https://demo8.1hour.in/media/productsSubCategory/SIDES-removebg-preview.png
MOUAJANET,https://demo8.1hour.in/media/productsSubCategory/MOUAJANET_2-removebg-preview.png
FROM THE OVEN,https://demo8.1hour.in/media/productsSubCategory/Screenshot_2025-04-02_122006-removebg-preview.png
PLATTER,https://demo8.1hour.in/media/productsSubCategory/PLATTER_2-removebg-preview.png
FROM THE GRILL,https://demo8.1hour.in/media/productsSubCategory/Screenshot_2025-04-02_120212-removebg-preview.png
HOT SANDWICHES,https://demo8.1hour.in/media/productsSubCategory/HOT_SANDWICHES-removebg-preview_UhjLvXp.png
HOT SANDWICHES,https://demo8.1hour.in/media/productsSubCategory/HOT_SANDWICHES-removebg-preview.png
SALADS,https://demo8.1hour.in/media/productsSubCategory/Fattoush_Salad.jpeg
HOT MEZZA,https://demo8.1hour.in/media/productsSubCategory/HOT_MEZZA-removebg-preview.png
COLD MEZZA,https://demo8.1hour.in/media/productsSubCategory/cold-mezza-removebg-preview.png
CB Dessert,https://demo8.1hour.in/media/productsSubCategory/walnut_brownies-removebg-preview.png
CB Cold Beverages,https://demo8.1hour.in/media/productsSubCategory/Peached_Iced_Tea-removebg-preview.png
Chop Bar- Hot Beverages,https://demo8.1hour.in/media/productsSubCategory/hot_beverages-removebg-preview.png
CB Starters,https://demo8.1hour.in/media/productsSubCategory/samosa.jpeg
Rotisserie Chicken,https://demo8.1hour.in/media/productsSubCategory/ROTISSIRIE_CHICKEN.jpeg
FB Bowls,https://demo8.1hour.in/media/productsSubCategory/Hummus_Crunch_Salad1.png
FB Beverages,https://demo8.1hour.in/media/productsSubCategory/Screenshot_2025-01-21_180707-removebg-preview.png
FB Delight,https://demo8.1hour.in/media/productsSubCategory/Hot_Honey_Chicken1.png
Fat Bowls,https://demo8.1hour.in/media/productsSubCategory/Cali_Bowl1.png
Add-Ons,https://demo8.1hour.in/media/productsSubCategory/TAK_LOGO.jpg
Ghanaian,https://demo8.1hour.in/media/productsSubCategory/Banku_and_tilapia-removebg-preview.png
Lebanese,https://demo8.1hour.in/media/productsSubCategory/Tuna_Delight_1OsIOxT.png
add-ons (Noodles),https://demo8.1hour.in/media/productsSubCategory/Schezwan_Noodles.jpeg
Add-Ons (Old),https://demo8.1hour.in/media/productsSubCategory/fried_rice.jpeg
Burger.,https://demo8.1hour.in/media/productsSubCategory/Burger-removebg-preview.png
Grills,https://demo8.1hour.in/media/productsSubCategory/chicken_chichinga_skewers.jpeg
Hut Veg,https://demo8.1hour.in/media/productsSubCategory/veg-delight9572.png
Hut Chicken,https://demo8.1hour.in/media/productsSubCategory/chicken_and_mushroom_pizza.jpg
Hut Meat,https://demo8.1hour.in/media/productsSubCategory/chicken--sweetcorn2490.png
Meat,https://demo8.1hour.in/media/productsSubCategory/melts.png
Deals,https://demo8.1hour.in/media/productsSubCategory/Pizza_Hut_logo.svg.png
Frozen Snacks,https://demo8.1hour.in/media/productsSubCategory/empty_EEGNcHM.JPG
Cold Cuts,https://demo8.1hour.in/media/productsSubCategory/empty.JPG
Cones,https://demo8.1hour.in/media/productsSubCategory/MELCOM_PIC_0iFstBd.JPG
Frozen Meals,https://demo8.1hour.in/media/productsSubCategory/empty_EBIzYv8.JPG
Alc. Beverages,https://demo8.1hour.in/media/productsSubCategory/300x300_H2wO81m_EqqiSKu_XFEXzrx.JPG
Cosmetics,https://demo8.1hour.in/media/productsSubCategory/MELCOM_PIC_MMYSsDy.JPG
Baby Perfume,https://demo8.1hour.in/media/productsSubCategory/MELCOM_PIC_nCy2cVp.JPG
Frozen Seafood,https://demo8.1hour.in/media/productsSubCategory/empty_knWnn92.JPG
Frozen Meat,https://demo8.1hour.in/media/productsSubCategory/Location_pin_KxtLcOC.png
Frozen Vegetables,https://demo8.1hour.in/media/productsSubCategory/Location_pin_bYOrkly.png
Frozen Fruit,https://demo8.1hour.in/media/productsSubCategory/Location_pin_C6d7ghg.png
TBD,https://demo8.1hour.in/media/productsSubCategory/trash-recycling-bin-waste-container-icon-metal-trash-can-removebg-preview.png
Adult Diapers,https://demo8.1hour.in/media/productsSubCategory/Location_pin_PD0XFQb.png
Non Alc. Beers,https://demo8.1hour.in/media/productsSubCategory/Location_pin.png
Melts,https://demo8.1hour.in/media/productsSubCategory/Melts-removebg-preview.png
DESSERTS,https://demo8.1hour.in/media/productsSubCategory/Chocolate_twists-removebg-preview.png
Drinks,https://demo8.1hour.in/media/productsSubCategory/Sprite-removebg-preview.png
RICE,https://demo8.1hour.in/media/productsSubCategory/Jollof_rice-removebg-preview.png
Cheesy Crinkle Fries,https://demo8.1hour.in/media/productsSubCategory/Cheesy_Crinkle_Fries.png
Cheesy Fries,https://demo8.1hour.in/media/productsSubCategory/Cheesy_Fries.png
Crinkle Fries,https://demo8.1hour.in/media/productsSubCategory/Cheesy_Fries_1.png
Drinks/Beverages,https://demo8.1hour.in/media/productsSubCategory/Beef_Deluxe.png
Veg,https://demo8.1hour.in/media/productsSubCategory/Veg_Delight.png
Meat,https://demo8.1hour.in/media/productsSubCategory/Tuna_Delight.png
Chicken,https://demo8.1hour.in/media/productsSubCategory/Chicken_sweetcorn.png
Sandwhich,https://demo8.1hour.in/media/productsSubCategory/300x300_H2wO81m_EqqiSKu_OynlKbO.JPG
Salad,https://demo8.1hour.in/media/productsSubCategory/300x300_H2wO81m_EqqiSKu_uCQjbe4.JPG
Spring Rolls,https://demo8.1hour.in/media/productsSubCategory/SPRING_ROLLS_B_2.png
EXTRAS,https://demo8.1hour.in/media/productsSubCategory/300x300_H2wO81m_EqqiSKu_gcsAxGr.JPG
STARBUCKS,https://demo8.1hour.in/media/productsSubCategory/300x300_H2wO81m_EqqiSKu_49JBBil.JPG
FRESH JUICES,https://demo8.1hour.in/media/productsSubCategory/300x300_H2wO81m_EqqiSKu_QpXcm6C.JPG
HALF-BITES,https://demo8.1hour.in/media/productsSubCategory/300x300_H2wO81m_EqqiSKu_9QWBaFg.JPG
CROISSANTS & BREADS,https://demo8.1hour.in/media/productsSubCategory/300x300_H2wO81m_EqqiSKu_x9n0Th6.JPG
PASTRIES,https://demo8.1hour.in/media/productsSubCategory/300x300_H2wO81m_EqqiSKu_NGyWhVb.JPG
PASTAS,https://demo8.1hour.in/media/productsSubCategory/300x300_H2wO81m_EqqiSKu_SNuBCnJ.JPG
PIZZAS,https://demo8.1hour.in/media/productsSubCategory/300x300_H2wO81m_EqqiSKu_5JIMxFF.JPG
Sushi Rice Items,https://demo8.1hour.in/media/productsSubCategory/SUSHI_RICE_ITEMS_2.png
Teppanyaki Hot Plate,https://demo8.1hour.in/media/productsSubCategory/TEPPANYAKI_HOT_PLATE.png
Poke,https://demo8.1hour.in/media/productsSubCategory/POKE_2.png
Ceviche,https://demo8.1hour.in/media/productsSubCategory/CEVICHE_2_1.png
Tartare,https://demo8.1hour.in/media/productsSubCategory/TARTARE_B_2.png
"Salads, Bites & Starters",https://demo8.1hour.in/media/productsSubCategory/SALADS_BITES__STARTERS_2.png
Speciality Platters,https://demo8.1hour.in/media/productsSubCategory/SPECIALITY_PLATTERS_2.png
SIGNATURE SUSHI,https://demo8.1hour.in/media/productsSubCategory/MELCOM_PIC_pgXZ9Nd.JPG
MAKI ROLLS,https://demo8.1hour.in/media/productsSubCategory/MELCOM_PIC_w0WZweH.JPG
TEMAKI,https://demo8.1hour.in/media/productsSubCategory/MELCOM_PIC_0hdsp1y.JPG
ASSORTED CALIFORNIA ROLLS,https://demo8.1hour.in/media/productsSubCategory/MELCOM_PIC_WPWKtFw.JPG
SASHIMI,https://demo8.1hour.in/media/productsSubCategory/MELCOM_PIC_ok4JaKe.JPG
Nigiri,https://demo8.1hour.in/media/productsSubCategory/NIGIRI_2.png
SMOOTHIES,https://demo8.1hour.in/media/productsSubCategory/300x300_H2wO81m_EqqiSKu_iUz7Ov0.JPG
Indian Cuisine,https://demo8.1hour.in/media/productsSubCategory/INDIAN_CUISINE_A_2.png
Wraps,https://demo8.1hour.in/media/productsSubCategory/WRAPS_B_2.png
Sandwiches,https://demo8.1hour.in/media/productsSubCategory/SANDWICHES_A_2.png
Smokin' Grills,https://demo8.1hour.in/media/productsSubCategory/SMOKING_GRILLS_A_2.png
SOFT DRINKS,https://demo8.1hour.in/media/productsSubCategory/300x300_H2wO81m_EqqiSKu_Dk4HhgN.JPG
WINES,https://demo8.1hour.in/media/productsSubCategory/300x300_H2wO81m_EqqiSKu_W9mKe00.JPG
BEERS,https://demo8.1hour.in/media/productsSubCategory/300x300_H2wO81m_EqqiSKu_kclgoGk.JPG
WATER,https://demo8.1hour.in/media/productsSubCategory/300x300_H2wO81m_EqqiSKu_180d5O7.JPG
REFRESHING COOLERS,https://demo8.1hour.in/media/productsSubCategory/300x300_H2wO81m_EqqiSKu_lazSMVI.JPG
ICED COFFEES,https://demo8.1hour.in/media/productsSubCategory/300x300_H2wO81m_EqqiSKu_aDvGe77.JPG
ICED TEAS,https://demo8.1hour.in/media/productsSubCategory/300x300_H2wO81m_EqqiSKu_deRW049.JPG
Hot Teas,https://demo8.1hour.in/media/productsSubCategory/HOT_TEAS.png
Fries & Nuggets,https://demo8.1hour.in/media/productsSubCategory/FRIES__NUGGETS_B_2.png
Lebanese Cuisine,https://demo8.1hour.in/media/productsSubCategory/LEBENESE_CUISINE_B_2.png
Chick-A-Licious,https://demo8.1hour.in/media/productsSubCategory/MINI_PIE_A_2.png
Spring Rolls,https://demo8.1hour.in/media/productsSubCategory/Spring_rolls-removebg-preview.png
Add-Ons,https://demo8.1hour.in/media/productsSubCategory/ADD-ONS_A_2.png
Pizza,https://demo8.1hour.in/media/productsSubCategory/PIZZA_A_2.png
Rice Bowls,https://demo8.1hour.in/media/productsSubCategory/RICE_BOWLS_B_2.png
Tex Mex Cuisine,https://demo8.1hour.in/media/productsSubCategory/TEX_MEX_CUISINE_2.png
Ghanaian Cuisine (old),https://demo8.1hour.in/media/productsSubCategory/GHANAIAN_CUISINE_B_2.png
Indian Thali,https://demo8.1hour.in/media/productsSubCategory/THE_GREATEST_INDIAN_THALI_3_2.png
DESSERTS,https://demo8.1hour.in/media/productsSubCategory/DESSERTS_1.png
Street Food,https://demo8.1hour.in/media/productsSubCategory/STREET_FOOD_2.png
Raita,https://demo8.1hour.in/media/productsSubCategory/RAITA_2.png
BREAD,https://demo8.1hour.in/media/productsSubCategory/BREAD_2.png
Basmati,https://demo8.1hour.in/media/productsSubCategory/KHAZANA_E_BASMATI_2.png
Lentils (Dal),https://demo8.1hour.in/media/productsSubCategory/LENTILS_DELICACIES_2.png
Main (N-Veg),https://demo8.1hour.in/media/productsSubCategory/MAIN_COURSE_NON_VEG_2.png
Non Veg Appetizers,https://demo8.1hour.in/media/productsSubCategory/NON_VEG_APP_B_2.png
Indian Beverages,https://demo8.1hour.in/media/productsSubCategory/BEVERAGES_2.png
Main (Veg),https://demo8.1hour.in/media/productsSubCategory/MAIN_COURSE_VEG_2.png
Indian Delicacies,https://demo8.1hour.in/media/productsSubCategory/INDIAN_DELICACIES__2.png
Indian Salads,https://demo8.1hour.in/media/productsSubCategory/INDIAN_SALAD_2.png
Veg. Appetizers,https://demo8.1hour.in/media/productsSubCategory/VEG_APP_B_2.png
Platters,https://demo8.1hour.in/media/productsSubCategory/PLATTER_A_2_1.png
Burgers,https://demo8.1hour.in/media/productsSubCategory/BURGER_2.png
Italian Pastas,https://demo8.1hour.in/media/productsSubCategory/ITALIAN_PASTA_A_2.png
Noodles,https://demo8.1hour.in/media/productsSubCategory/NOODLES_2.png
Breakfast,https://demo8.1hour.in/media/productsSubCategory/english-breakfast-keto-breakfast-fried-egg-beans-chicken-sausage-and-coffee-cup-2WWMH5X.jpg
Salads,https://demo8.1hour.in/media/productsSubCategory/SALADS_B_2.png
HOT COFFEES,https://demo8.1hour.in/media/productsSubCategory/HOT_COFFEES_2.png
chicken biryani,https://demo8.1hour.in/media/productsSubCategory/istockphoto-biryani.jpg
Burgers,https://demo8.1hour.in/media/productsSubCategory/Burger.jpeg
Ready Meals,https://demo8.1hour.in/media/productsSubCategory/300x300_H2wO81m_1IwSZVy.JPG
Toppings,https://demo8.1hour.in/media/productsSubCategory/300x300_H2wO81m_QOfrv3v.JPG
Fresh Sausages,https://demo8.1hour.in/media/productsSubCategory/300x300_H2wO81m_d9T18Cf.JPG
Shrimps,https://demo8.1hour.in/media/productsSubCategory/300x300_H2wO81m_iEaYZVl.JPG
Salt,https://demo8.1hour.in/media/productsSubCategory/300x300_H2wO81m_oqBDV9p.JPG
Dessert,https://demo8.1hour.in/media/productsSubCategory/300x300_H2wO81m_LfjG5sh.JPG
Vegan,https://demo8.1hour.in/media/productsSubCategory/300x300_H2wO81m_1VT4wpT.JPG
Crabs,https://demo8.1hour.in/media/productsSubCategory/300x300_H2wO81m_ZwVFgNG.JPG
Lobsters,https://demo8.1hour.in/media/productsSubCategory/300x300_H2wO81m_s240dP5.JPG
Fresh Seafood,https://demo8.1hour.in/media/productsSubCategory/300x300_H2wO81m_9x2g5XN.JPG
Condoms,https://demo8.1hour.in/media/productsSubCategory/300x300_H2wO81m_FIQWVPW.JPG
Mixers & Cordials,https://demo8.1hour.in/media/productsSubCategory/300x300_H2wO81m_dVy3t4B.JPG
Fresh Fish,https://demo8.1hour.in/media/productsSubCategory/300x300_H2wO81m_uxXTGop.JPG
Wipes & Sanitizers,https://demo8.1hour.in/media/productsSubCategory/300x300_H2wO81m_71D591M.JPG
First Aid,https://demo8.1hour.in/media/productsSubCategory/300x300_H2wO81m_sy7vm0c.JPG
Perfumes,https://demo8.1hour.in/media/productsSubCategory/300x300_H2wO81m_m6fIJRP.JPG
Cotton Wool & Buds,https://demo8.1hour.in/media/productsSubCategory/300x300_H2wO81m_n1kJUMo.JPG
Coffee,https://demo8.1hour.in/media/productsSubCategory/300x300_H2wO81m_EqqiSKu_vIEcKFs.JPG
Vegan Ice creams,https://demo8.1hour.in/media/productsSubCategory/300x300_H2wO81m_EqqiSKu_jOjTIuJ.JPG
Nutty Flavors,https://demo8.1hour.in/media/productsSubCategory/300x300_H2wO81m_EqqiSKu_Kd9EVeQ.JPG
Classic Flavors,https://demo8.1hour.in/media/productsSubCategory/300x300_H2wO81m_EqqiSKu_QBIurPu.JPG
Vinegars,https://demo8.1hour.in/media/productsSubCategory/300x300_H2wO81m_PPqiWMw.JPG
Religious Items,https://demo8.1hour.in/media/productsSubCategory/300x300_H2wO81m_9Z9FcRo.JPG
Fruity Flavors,https://demo8.1hour.in/media/productsSubCategory/300x300_H2wO81m_EqqiSKu_zkmS9a2.JPG
Fresh Chicken,https://demo8.1hour.in/media/productsSubCategory/300x300_H2wO81m_ZL06aEN.JPG
Dressings,https://demo8.1hour.in/media/productsSubCategory/300x300_H2wO81m_1lwVewo.JPG
Fresh Meat,https://demo8.1hour.in/media/productsSubCategory/300x300_H2wO81m_UTfdb9l.JPG
Souks,https://demo8.1hour.in/media/productsSubCategory/300x300_H2wO81m_ewFXZUu.JPG
Baby Wipes,https://demo8.1hour.in/media/productsSubCategory/300x300_H2wO81m_HpOHfCg.JPG
"Wraps, Pittas & Naans",https://demo8.1hour.in/media/productsSubCategory/300x300_H2wO81m_EqqiSKu_d9vVOUP.JPG
Prime Cut  Selections,https://demo8.1hour.in/media/productsSubCategory/300x300_H2wO81m_NsomETx.JPG
Baby Milk & Formula,https://demo8.1hour.in/media/productsSubCategory/300x300_H2wO81m_EqqiSKu_D0YQzAD.JPG
Supplements,https://demo8.1hour.in/media/productsSubCategory/300x300_H2wO81m_NeAYMsm.JPG
Buns & Rolls,https://demo8.1hour.in/media/productsSubCategory/300x300_H2wO81m_EqqiSKu_2bIqoZU.JPG
Pet Grooming,https://demo8.1hour.in/media/productsSubCategory/300x300_H2wO81m_yaMVCqx.JPG
V,https://demo8.1hour.in/media/productsSubCategory/300x300_H2wO81m_KCzag6S.JPG
Pet Food,https://demo8.1hour.in/media/productsSubCategory/300x300_H2wO81m_tYDBPSD.JPG
Cream,https://demo8.1hour.in/media/productsSubCategory/300x300_H2wO81m_VaphkZP.JPG
Mints & Menthol,https://demo8.1hour.in/media/productsSubCategory/300x300_H2wO81m_iDcSjRf.JPG
Baked Cookies,https://demo8.1hour.in/media/productsSubCategory/300x300_H2wO81m_EqqiSKu_82zpvWm.JPG
Toys & Learning,https://demo8.1hour.in/media/productsSubCategory/300x300_H2wO81m_EqqiSKu_eQGjZD3.JPG
Health & Safety,https://demo8.1hour.in/media/productsSubCategory/300x300_H2wO81m_EqqiSKu_DKjNLZ8.JPG
Baby Feeding,https://demo8.1hour.in/media/productsSubCategory/300x300_H2wO81m_EqqiSKu_OAZbBFO.JPG
Packaged Food,https://demo8.1hour.in/media/productsSubCategory/300x300_H2wO81m_nVlsJOE.JPG
Cocktails,https://demo8.1hour.in/media/productsSubCategory/300x300_H2wO81m_DRHTx2o.JPG
Brandy & Cognac,https://demo8.1hour.in/media/productsSubCategory/300x300_H2wO81m_U2daq8b.JPG
Schnapps,https://demo8.1hour.in/media/productsSubCategory/300x300_H2wO81m_MCZN0zt.JPG
Tequila,https://demo8.1hour.in/media/productsSubCategory/300x300_H2wO81m_KjPCTRq.JPG
Gin,https://demo8.1hour.in/media/productsSubCategory/300x300_H2wO81m_O3RFxAp.JPG
Sugar & Sweetener,https://demo8.1hour.in/media/productsSubCategory/300x300_H2wO81m_DWNtKXM.JPG
Vodka,https://demo8.1hour.in/media/productsSubCategory/300x300_H2wO81m_r5akbnf.JPG
Rum,https://demo8.1hour.in/media/productsSubCategory/300x300_H2wO81m_g7w0TRp.JPG
Whisky,https://demo8.1hour.in/media/productsSubCategory/300x300_H2wO81m_dqgqQCi.JPG
Herbs,https://demo8.1hour.in/media/productsSubCategory/300x300_H2wO81m_GW2G2Zl.JPG
Pre-Cut & Packaged,https://demo8.1hour.in/media/productsSubCategory/300x300_H2wO81m_iM9O9Ee.JPG
Wine,https://demo8.1hour.in/media/productsSubCategory/300x300_H2wO81m_2mhGqJD.JPG
Fresh Vegetables,https://demo8.1hour.in/media/productsSubCategory/300x300_H2wO81m_BGW627t.JPG
Rice,https://demo8.1hour.in/media/productsSubCategory/300x300_H2wO81m_wbujTRQ.JPG
Fresh Fruits,https://demo8.1hour.in/media/productsSubCategory/300x300_H2wO81m_T7bxqMy.JPG
Gummies & Jellies,https://demo8.1hour.in/media/productsSubCategory/300x300_H2wO81m_J8GhYno.JPG
Non Alc. Champagnes,https://demo8.1hour.in/media/productsSubCategory/300x300_H2wO81m_2jRoGqE.JPG
Baby Skin & Hair,https://demo8.1hour.in/media/productsSubCategory/300x300_H2wO81m_0fxPX04.JPG
Non Alc. Wine,https://demo8.1hour.in/media/productsSubCategory/300x300_H2wO81m_Gbt6Dxn.JPG
Powdered Beverages,https://demo8.1hour.in/media/productsSubCategory/300x300_H2wO81m_YB0Ia4J.JPG
Shortbreads,https://demo8.1hour.in/media/productsSubCategory/300x300_H2wO81m_EqqiSKu_kViTSDi.JPG
Herbal Drinks & Supplements,https://demo8.1hour.in/media/productsSubCategory/300x300_H2wO81m_aUcYgDU.JPG
Tea,https://demo8.1hour.in/media/productsSubCategory/300x300_H2wO81m_nEfFoIt.JPG
Disinfectants,https://demo8.1hour.in/media/productsSubCategory/300x300_H2wO81m_JQTD7lc.JPG
Flavored Water,https://demo8.1hour.in/media/productsSubCategory/300x300_H2wO81m_F6UqBkN.JPG
Nut & Seed,https://demo8.1hour.in/media/productsSubCategory/300x300_H2wO81m_EqqiSKu_jG2jX62.JPG
Bitters,https://demo8.1hour.in/media/productsSubCategory/300x300_H2wO81m_EqqiSKu_9WNit6s.JPG
Hard Candies,https://demo8.1hour.in/media/productsSubCategory/300x300_H2wO81m_EqqiSKu_uVOgkem.JPG
Dried Fruits,https://demo8.1hour.in/media/productsSubCategory/300x300_H2wO81m_EqqiSKu_QyVfrcf.JPG
Safety & Hygiene,https://demo8.1hour.in/media/productsSubCategory/300x300_H2wO81m_TUNHHGY.JPG
Toiletries,https://demo8.1hour.in/media/productsSubCategory/300x300_H2wO81m_ZCaS2L1.JPG
Hair Care,https://demo8.1hour.in/media/productsSubCategory/300x300_H2wO81m_mCqd4Hp.JPG
Breakfast Cereals,https://demo8.1hour.in/media/productsSubCategory/300x300_H2wO81m_EqqiSKu_d5wIW6U.JPG
Non Dairy Milk,https://demo8.1hour.in/media/productsSubCategory/300x300_H2wO81m_EqqiSKu.JPG
Cakes,https://demo8.1hour.in/media/productsSubCategory/300x300_H2wO81m_m96Dq1y.JPG
Pastries,https://demo8.1hour.in/media/productsSubCategory/300x300_H2wO81m_CW673ER.JPG
Croissants,https://demo8.1hour.in/media/productsSubCategory/300x300_H2wO81m_8gfro4X.JPG
Breads,https://demo8.1hour.in/media/productsSubCategory/300x300_H2wO81m_QFX51El.JPG
Milk Bev,https://demo8.1hour.in/media/productsSubCategory/300x300_H2wO81m.JPG
Testing,https://demo8.1hour.in/media/productsSubCategory/Buy_or_sell.png
Pet Accessories,https://demo8.1hour.in/media/productsSubCategory/300x300_eHSL5uf.JPG
Liqueurs,https://demo8.1hour.in/media/productsSubCategory/300x300_yR2zVMq.JPG
Sauces,https://demo8.1hour.in/media/productsSubCategory/300x300_QBq42kC.JPG
Oil & Ghee,https://demo8.1hour.in/media/productsSubCategory/300x300_yOQhTVq.JPG
Confectionery,https://demo8.1hour.in/media/productsSubCategory/300x300_q3Xo71b.JPG
Nuts & Seeds,https://demo8.1hour.in/media/productsSubCategory/300x300_H2wO81m_fv8uzvy.JPG
Granola,https://demo8.1hour.in/media/productsSubCategory/300x300_paaCjUM.JPG
Chocolates,https://demo8.1hour.in/media/productsSubCategory/37757a_brU3UDA.jpg
Chips & Crisps,https://demo8.1hour.in/media/productsSubCategory/20129a_kLL4qZa.jpg
Wafers & Cream Biscuits,https://demo8.1hour.in/media/productsSubCategory/300x300_Fu8xHaz.JPG
Fabric Stiffner,https://demo8.1hour.in/media/productsSubCategory/300x300_7hJt39K.JPG
D,https://demo8.1hour.in/media/productsSubCategory/300x300_Bpz9tDI.JPG
Skin Care,https://demo8.1hour.in/media/productsSubCategory/300x300_ytBNFEv.JPG
Hand Care,https://demo8.1hour.in/media/productsSubCategory/300x300_xtO2DcS.JPG
Feminine Care,https://demo8.1hour.in/media/productsSubCategory/300x300_1095AzU.JPG
Facial Care,https://demo8.1hour.in/media/productsSubCategory/16840_1_1_RCD0SjB.jpg
Deodorant & Body Sprays,https://demo8.1hour.in/media/productsSubCategory/300x300_5fecRTc.JPG
Bathing Essentials,https://demo8.1hour.in/media/productsSubCategory/300x300_UvJVv2w.JPG
Dairy Milk,https://demo8.1hour.in/media/productsSubCategory/300x300_oOMkw4T.JPG
Yoghurt,https://demo8.1hour.in/media/productsSubCategory/300x300_gbXcmo2.JPG
Egg,https://demo8.1hour.in/media/productsSubCategory/73458c_VfQ770b.jpg
Cheese,https://demo8.1hour.in/media/productsSubCategory/x936_1_1_f8jR1JA.jpg
Butter,https://demo8.1hour.in/media/productsSubCategory/300x300_xcSXtzm.JPG
Oral Care,https://demo8.1hour.in/media/productsSubCategory/300x300_xrLUQfz.JPG
Shaving Essentials,https://demo8.1hour.in/media/productsSubCategory/300x300_cWBrig8.JPG
Baby Diapers,https://demo8.1hour.in/media/productsSubCategory/300x300_b8cjqYV.JPG
Baby Bath & Accessories,https://demo8.1hour.in/media/productsSubCategory/300x300_8T3bfju.JPG
Baby Food,https://demo8.1hour.in/media/productsSubCategory/300x300_cuyJbR3.JPG
F,https://demo8.1hour.in/media/productsSubCategory/300x300_vfWO0Xa.JPG
M,https://demo8.1hour.in/media/productsSubCategory/00359_ab_1_DVWwYCu.jpg
S,https://demo8.1hour.in/media/productsSubCategory/300x300_KpAhoKJ.JPG
C,https://demo8.1hour.in/media/productsSubCategory/300x300_MgEMwms.JPG
Nutritional Drinks,https://demo8.1hour.in/media/productsSubCategory/300x300_g11qzZ8.JPG
Alc. Sparkling Wines,https://demo8.1hour.in/media/productsSubCategory/37756_1a_DfX39sn.jpg
Chewing Gums,https://demo8.1hour.in/media/productsSubCategory/300x300_rl0eJ5x.JPG
Grains & Pulses,https://demo8.1hour.in/media/productsSubCategory/300x300_1S25Oow.JPG
Cider,https://demo8.1hour.in/media/productsSubCategory/300x300_ALXWPvP.JPG
Beer & Stout,https://demo8.1hour.in/media/productsSubCategory/300x300_hpgX9mB.JPG
Tissue Papers & Towels,https://demo8.1hour.in/media/productsSubCategory/300x300_6nIwTjA.JPG
Pest Control,https://demo8.1hour.in/media/productsSubCategory/300x300_bd9yJGw.JPG
C,https://demo8.1hour.in/media/productsSubCategory/300x300_KyJ6NFz.JPG
Shoe Polish,https://demo8.1hour.in/media/productsSubCategory/300x300_DNdlA3n.JPG
D,https://demo8.1hour.in/media/productsSubCategory/300x300_BmPlBz8.JPG
Laundry,https://demo8.1hour.in/media/productsSubCategory/300x300_0nckLaL.JPG
Disposables,https://demo8.1hour.in/media/productsSubCategory/300x300_mx5dSbv.JPG
A,https://demo8.1hour.in/media/productsSubCategory/28649_1a_4jDwpsh.jpg
Cleaning Essentials,https://demo8.1hour.in/media/productsSubCategory/300x300_wl6KLpX.JPG
Air Freshners,https://demo8.1hour.in/media/productsSubCategory/26355_1_1_vHSr5nA.jpg
Herbs & Seasonings,https://demo8.1hour.in/media/productsSubCategory/300x300_7epRKai.JPG
Spreads,https://demo8.1hour.in/media/productsSubCategory/300x300_l7Ap2bZ.JPG
Cans & Jars,https://demo8.1hour.in/media/productsSubCategory/300x300_jhpNwI0.JPG
Baking Essentials,https://demo8.1hour.in/media/productsSubCategory/300x300_EcwNosn.JPG
Semolina & Flour,https://demo8.1hour.in/media/productsSubCategory/300x300_0E14U2z.JPG
Oats & Custard,https://demo8.1hour.in/media/productsSubCategory/300x300_smIpep8.JPG
Water,https://demo8.1hour.in/media/productsSubCategory/300x300_wgoM04J.JPG
Sparkling Water,https://demo8.1hour.in/media/productsSubCategory/300x300_CrhMgZY.JPG
Milk Beverages,https://demo8.1hour.in/media/productsSubCategory/300x300_H2wO81m_qdIdSJ5.JPG
Sport & Energy Drink,https://demo8.1hour.in/media/productsSubCategory/300x300_PIDUY7u.JPG
Soft Drinks,https://demo8.1hour.in/media/productsSubCategory/300x300_H2wO81m_Tx1ek0L.JPG
Juices & Smoothies,https://demo8.1hour.in/media/productsSubCategory/300x300.JPG
Turkey,https://demo8.1hour.in/media/productsSubCategory/300x300_H2wO81m_fhHLXhT.JPG
Noodles & Pasta,https://demo8.1hour.in/media/productsSubCategory/300x300_zdNu1Ee.JPG
Cookies,https://demo8.1hour.in/media/productsSubCategory/300x300_yU8LEke.JPG
Biscuits,https://demo8.1hour.in/media/productsSubCategory/300x300_QsxvAbB.JPG
